FEATURENAME,Count,% Miss,Card.,Min,1st Qrt.,Mean,Median,3rd Qrt,Max,Std. Dev.
age,30940,0,0,17,28,38.56076276664512,37,48,90,13.639403068812152
fnlwgt,30940,0,0,12285,117849,189786.4014221073,178384,237318,1484705,105406.39438610504
education-num,30940,0,0,1,9,10.08125404007757,10,12,16,2.569966837023341
capital-gain,30940,0,0,0,0,1081.8129928894634,0,0,99999,7443.773041288206
capital-loss,30940,0,0,0,0,86.56997414350356,0,0,4356,401.70602318590477
hours-per-week,30940,0,0,1,40,40.408920491273435,40,45,99,12.33694497504347
